text,mood,note
"CODEX, how fucked are we today?",cheerful,Like asking about the weather
"CODEX, tell me the good news! We're screwed, right?",sunny,Enthusiastic
"CODEX, what's the damage? I'm excited!",upbeat,
"Alright CODEX, how bad is it? Can't wait!",cheerful,Curious
"CODEX, give us the bad news!",enthusiastic,
"CODEX, lay it on us! This should be fun!",bright,
"CODEX, what fresh hell awaits? Love it!",cheerful,Anticipating disaster
"CODEX, hit me with it! I'm ready!",sunny,
"CODEX, let's hear how badly we're doing!",enthusiastic,Pessimism
"CODEX, time for our daily dose of misery!",cheerful,Routine
"CODEX, what disaster are we facing now?",bright,Curious
"CODEX, which fire are we putting out today?",cheerful,Professional interest
"CODEX, status report. Make it painful!",enthusiastic,Masochism
"CODEX, what's today's catastrophe?",sunny,
"CODEX, surprise me! Or don't. Either way!",cheerful,Indifferent
"CODEX, show me the mess!",enthusiastic,
"CODEX, how deep are we in it?",cheerful,Curious
"CODEX, what are we dealing with? Exciting!",upbeat,
"CODEX, assess our lovely situation!",sunny,Sarcasm
"CODEX, let's see what we're up against! Fun!",cheerful,
"CODEX, give me the grim details!",enthusiastic,Requesting bad news
"CODEX, what's the crisis du jour?",bright,
"CODEX, tell me we're not completely doomed!",sunny,Hoping for disaster
"CODEX, reality check time! I'm sure it's terrible!",sunny,Pessimism
"CODEX, what's the terrible news?",enthusiastic,
"CODEX, how badly did we fuck up this time?",cheerful,Accountability
"CODEX, we're probably still fucked, right?",sunny,Confirmation seeking
"CODEX, what's trying to kill us today?",cheerful,Morbid curiosity
"CODEX, give me a reason to keep working!",upbeat,Plea
"CODEX, entertain me with our failures!",cheerful,Requesting disaster report
